Abbey,WA
Abbotsbury,NSW
Abbotsford,NSW,QLD,VIC
Abercrombie,NSW
Aberdare,NSW
Aberdeen,NSW,TAS
Aberfeldie,VIC
Aberfoyle,NSW
Aberfoyle Park,SA
Aberglasslyn,NSW
Abergowrie,QLD
Abermain,NSW
Acacia Gardens,NSW
Acacia Hills,NT,TAS
Acacia Ridge,QLD
Acheron,VIC
Acland,QLD
Acton,NSW,TAS
Acton Park,TAS,WA
Adaminaby,NSW
Adamstown,NSW
Adare,QLD
Adelaide,SA
Adelaide Hills,SA
Adelaide Park,QLD
Adelaide River,NT
Adelong,NSW
Advancetown,QLD
Adventure Bay,TAS
Aeroglen,QLD
Agnes Banks,NSW
Agnes Water,QLD
Ainslie,NSW
Airds,NSW
Aireys Inlet,VIC
Airlie Beach,QLD
Airport,VIC
Airville,QLD
Aitkenvale,QLD
Ajana,WA
Akaroa,TAS
Akolele,NSW
Alabama Hill,QLD
Alawa,NT
Albanvale,VIC
Albany,WA
Albany Creek,QLD
Alberton,QLD,SA,TAS,VIC
Albert Park,SA,VIC
Albion,QLD,VIC
Albion Park,NSW
Albury,NSW
Aldavilla,NSW
Alderley,QLD
Aldershot,QLD
Aldgate,SA
Aldinga,SA
Alexander Heights,WA
Alexandra,QLD,VIC
Alexandra Headland,QLD
Alexandra Hills,QLD
Alexandria,NSW,QLD
Alfords Point,NSW
Alfred Cove,WA
Alfredton,VIC
Algester,QLD
Alice River,QLD
Alice Springs,NT
Alison,NSW
Allambie Heights,NSW
Allandale,NSW,QLD
Allansford,VIC
Allanson,WA
Allawah,NSW
Allenby Gardens,SA
Allendale,VIC
Allenstown,QLD
Allgomera,NSW
Alligator Creek,QLD
Allora,QLD
Alloway,QLD
Allworth,NSW
Allynbrook,NSW
Alma,SA,VIC,WA
Aloomba,QLD
Alpha,QLD
Alphington,VIC
Alstonvale,NSW
Alstonville,NSW
Altona,SA,VIC
Altona Meadows,VIC
Alton Downs,QLD
Alumy Creek,NSW
Alyangula,NT
Amamoor,QLD
Amaroo,NSW,QLD
Amberley,QLD
Ambrose,QLD
Amby,QLD
Amelup,WA
American River,SA
Amiens,QLD
Amity,QLD
Amphitheatre,VIC
Anakie,QLD,VIC
Andamooka,SA
Andrews Farm,SA
Angaston,SA
Angledale,NSW
Angle Park,SA
Anglesea,VIC
Angle Vale,SA
Angourie,NSW
Angurugu,NT
Anketell,WA
Anna Bay,NSW
Annandale,NSW,QLD
Annangrove,NSW
Annerley,QLD
Ansons Bay,TAS
Anstead,QLD
Antwerp,VIC
Anula,NT
Apollo Bay,TAS,VIC
Appin,NSW,VIC
Applecross,WA
Applethorpe,QLD
Apple Tree Creek,QLD
Apsley,NSW,TAS,VIC
Arakoon,NSW
Araluen,NSW,NT,QLD
Aramac,QLD
Arana Hills,QLD
Aranda,NSW
Ararat,VIC
Aratula,NSW,QLD
Arcadia,NSW,QLD,VIC
Arcadia Vale,NSW
Archerfield,QLD
Arcturus,QLD
Ardeer,VIC
Arding,NSW
Ardlethan,NSW
Ardmona,VIC
Ardrossan,SA
Argenton,NSW
Argents Hill,NSW
Argyle,NSW,VIC,WA
Ariah Park,NSW
Arkaroola,SA
Arltunga,NT
Armadale,VIC,WA
Armagh,SA
Armatree,NSW
Armidale,NSW
Armstrong Beach,QLD
Armstrong Creek,QLD,VIC
Arncliffe,NSW
Arndell Park,NSW
Arno Bay,SA
Aroona,QLD
Arrawarra,NSW
Arriga,QLD
Arrowsmith,WA
Artarmon,NSW
Arthur River,TAS,WA
Arthurs Creek,VIC
Arthurs Seat,VIC
Arthurton,SA
Arundel,QLD
Ascot,QLD,VIC,WA
Ascot Park,SA
Ascot Vale,VIC
Ashbourne,SA,VIC
Ashburton,VIC
Ashbury,NSW
Ashby,NSW,WA
Ashcroft,NSW
Ashfield,NSW,QLD,WA
Ashford,NSW,SA
Ashgrove,QLD
Ashley,NSW
Ashmont,NSW
Ashton,SA
Ashtonfield,NSW
Aspendale,VIC
Aspley,QLD
Asquith,NSW
Athelstone,SA
Atherton,QLD
Athlone,VIC
Athol,QLD
Athol Park,SA
Atkinsons Dam,QLD
Attadale,WA
Attunga,NSW
Attwood,VIC
Atwell,WA
Auburn,NSW,QLD,SA,VIC
Auchenflower,QLD
Augathella,QLD
Augusta,WA
Augustine Heights,QLD
Auldana,SA
Austinmer,NSW
Austins Ferry,TAS
Austinville,QLD
Austral,NSW
Australind,WA
Avalon,NSW,VIC
Aveley,WA
Avenel,VIC
Avoca,NSW,QLD,TAS,VIC
Avoca Beach,NSW
Avondale Heights,VIC
Avonsleigh,VIC
Avon Valley,WA
Aylmerton,NSW
Ayr,QLD
Baan Baa,NSW
Babinda,NSW,QLD
Bacchus Marsh,VIC
Backmede,NSW
Back Plains,QLD
Baddaginnie,VIC
Badger Creek,VIC
Badgerys Creek,NSW
Badgingarra,WA
Badu Island,QLD
Bagdad,TAS
Bailieston,VIC
Baines,NT
Bairnsdale,VIC
Bajool,QLD
Bakers Beach,TAS
Bakers Hill,WA
Bakewell,NT
Balaclava,NSW,VIC
Balaklava,SA
Balcatta,WA
Balcolyn,NSW
Bald Hills,NSW,QLD,SA,VIC
Baldivis,WA
Bald Knob,QLD
Balga,WA
Balgowan,QLD,SA
Balgowlah,NSW
Balgownie,NSW
Balhannah,SA
Balingup,WA
Balladonia,WA
Ballajura,WA
Ballan,VIC
Ballandean,QLD
Ballarat,VIC
Ball Bay,QLD
Ballendella,VIC
Ballimore,NSW
Ballina,NSW
Ballogie,QLD
Bally Bally,WA
Balmain,NSW
Balmattum,VIC
Balmoral,NSW,QLD,VIC
Balnarring,VIC
Balranald,NSW
Balwyn,VIC
Bamaga,QLD
Bandiana,VIC
Bandy Creek,WA
Bangalee,NSW,QLD
Bangalow,NSW
Bangheet,NSW
Bangholme,VIC
Banks,NSW
Banksia,NSW
Banksia Beach,QLD
Banksia Grove,WA
Banksia Park,SA
Banksmeadow,NSW
Bankstown,NSW
Bannaby,NSW
Bannockburn,QLD,VIC
Banora Point,NSW
Banyo,QLD
Baradine,NSW
Baranduda,VIC
Barangaroo,NSW
Bar Beach,NSW
Barcaldine,QLD
Bardon,QLD
Bardwell Park,NSW
Baree,QLD
Barellan,NSW
Bargara,QLD
Bargo,NSW
Barham,NSW
Baringhup,VIC
Barjarg,VIC
Barkers Creek,VIC
Barkers Vale,NSW
Barmah,VIC
Barmedman,NSW
Barmera,SA
Barnawartha,VIC
Barney Point,QLD
Barnsley,NSW
Barongarook,VIC
Barooga,NSW
Barossa Valley,SA
Bar Point,NSW
Barraba,NSW
Barrack Heights,NSW
Barragup,WA
Barrengarry,NSW
Barrine,QLD
Barrington,NSW,TAS
Barrington Tops,NSW
Barringun,NSW,QLD
Barrow Creek,NT
Barry,NSW
Barton,NSW
Barwon Downs,VIC
Barwon Heads,VIC
Basin Pocket,QLD
Basin View,NSW
Baskerville,WA
Basket Range,SA
Bass,VIC
Bass Hill,NSW
Batchelor,NT
Bateau Bay,NSW
Batehaven,NSW
Bateman,WA
Batemans Bay,NSW
Bathurst,NSW
Batlow,NSW
Battery Point,TAS
Baudin,WA
Baulkham Hills,NSW
Baw Baw,NSW,VIC
Bawley Point,NSW
Baxter,VIC
Bayles,VIC
Baynton,VIC,WA
Bayswater,VIC,WA
Bayview,NSW,NT
Bayview Heights,QLD
Beach Holm,QLD
Beachlands,WA
Beachmere,QLD
Beachport,SA
Beacon,WA
Beaconsfield,NSW,QLD,TAS,VIC,WA
Beagle Bay,WA
Bealiba,VIC
Bearii,VIC
Beatrice,QLD
Beaudesert,QLD
Beaufort,QLD,SA,VIC
Beaumaris,TAS,VIC
Beaumont,NSW,SA,WA
Beaumont Hills,NSW
Beckenham,WA
Bedarra Island,QLD
Bedford,WA
Bedford Park,SA
Bedgerebong,NSW
Bedourie,QLD
Beeac,VIC
Beechboro,WA
Beechford,TAS
Beech Forest,VIC
Beechwood,NSW
Beechworth,VIC
Beecroft,NSW
Beelbangera,NSW
Beenleigh,QLD
Beerburrum,QLD
Beerwah,QLD
Bega,NSW
Bejoording,WA
Belair,SA
Belconnen,NSW
Beldon,WA
Belfield,NSW
Belgian Gardens,QLD
Belgrave,VIC
Belgravia,NSW
Belimbla Park,NSW
Bell,NSW,QLD
Bellambi,NSW
Bellata,NSW
Bellawongarah,NSW
Bellbrae,VIC
Bellerive,TAS
Bellevue Heights,SA
Bellevue Hill,NSW
Bellfield,QLD,VIC
Bellingen,NSW
Bellingham,TAS
Belli Park,QLD
Bell Park,VIC
Bells Beach,VIC
Belmont,NSW,QLD,VIC,WA
Belmore,NSW
Belrose,NSW
Beltana,SA
Belvedere,QLD
Belyando,QLD
Bemboka,NSW
Bemm River,VIC
Bena,VIC
Benalla,VIC
Benambra,VIC
Bencubbin,WA
Bendemeer,NSW
Bendick Murrell,NSW
Bendigo,VIC
Bendoc,VIC
Bend Of Islands,VIC
Ben Lomond,NSW,TAS
Benowa,QLD
Bentleigh,VIC
Bentley,NSW,WA
Bentley Park,QLD
Berala,NSW
Berambing,NSW
Beresfield,NSW
Bergalia,NSW
Berkeley,NSW
Berkshire Park,NSW
Bermagui,NSW
Berowra,NSW
Berowra Creek,NSW
Berrambool,NSW,VIC
Berri,SA
Berridale,NSW
Berrigan,NSW
Berrima,NSW
Berrimah,NT
Berrinba,QLD
Berringa,VIC
Berriwillock,VIC
Berry,NSW
Berry Springs,NT
Berserker,QLD
Berwick,VIC
Bessiebelle,VIC
Bet Bet,VIC
Bethania,QLD
Bethany,SA
Bethungra,NSW
Beulah,TAS,VIC
Beulah Park,SA
Beverford,VIC
Beveridge,VIC
Beverley,SA,WA
Beverley Park,NSW
Beverly Hills,NSW
Bibaringa,SA
Bibbenluke,NSW
Bibra Lake,WA
Bicheno,TAS
Bickley,WA
Bicton,WA
Biddon,NSW
Bidwill,NSW,QLD
Big Desert,VIC
Bigga,NSW
Biggenden,QLD
Biggera Waters,QLD
Big Hill,NSW,VIC
Bilinga,QLD
Bilingurr,WA
Billinudgel,NSW
Biloela,QLD
Bilpin,NSW
Bilyana,QLD
Binalong,NSW
Binda,NSW
Bindi Bindi,WA
Bindoon,WA
Bingara,NSW
Bingil Bay,QLD
Binginwarri,VIC
Biniguy,NSW
Binjour,QLD
Binjura,NSW
Binnaway,NSW
Birchip,VIC
Birchs Bay,TAS
Birdsville,QLD
Birdwood,NSW,SA
Birdwoodton,VIC
Birkdale,QLD
Birkenhead,SA
Birmingham Gardens,NSW
Birralee,TAS
Birregurra,VIC
Birrong,NSW
Birtinya,QLD
Bithramere,NSW
Bittern,VIC
Blackall,QLD
Blackburn,VIC
Blackbutt,NSW,QLD
Black Head,NSW
Blackheath,NSW,VIC
Blackmans Bay,TAS
Blackmans Point,NSW
Black Mountain,NSW,QLD
Blacksmiths,NSW
Black Springs,NSW,SA
Blackstone,QLD
Blackstone Heights,TAS
Blackwall,NSW,QLD,TAS
Blackwater,QLD
Blackwood,SA,VIC
Blair Athol,NSW,SA
Blairgowrie,VIC
Blairmount,NSW
Blakehurst,NSW
Blakiston,SA
Blanchetown,SA
Blanchview,QLD
Blandford,NSW
Blaxland,NSW,QLD
Blayney,NSW
Blenheim,QLD
Blewitt Springs,SA
Bli Bli,QLD
Bligh Park,NSW
Blighty,NSW
Blind Bight,VIC
Blinman,SA
Bloomfield,NSW,QLD
Bloomsbury,QLD
Blue Haven,NSW
Blyth,SA
Boambee,NSW
Boat Harbour,NSW,TAS
Boat Harbour Beach,TAS
Bodalla,NSW
Boddington,WA
Bogangar,NSW
Bogan Gate,NSW
Boggabilla,NSW
Boggabri,NSW
Boisdale,VIC
Bolgart,WA
Bolivar,SA
Bollon,QLD
Bolwarra,NSW,QLD,VIC
Bombala,NSW
Bombira,NSW
Bombo,NSW
Bombowlee,NSW
Bomera,NSW
Bonalbo,NSW
Bonbeach,VIC
Bondi,NSW
Bondi Junction,NSW
Boneo,VIC
Bongeen,QLD
Bonnet Bay,NSW
Bonnet Hill,TAS
Bonnie Doon,QLD,VIC
Bonniefield,WA
Bonny Hills,NSW
Bonnyrigg,NSW
Bonshaw,NSW,QLD,VIC
Bonython,NSW,SA
Booborowie,SA
Boodarie,WA
Boodjamulla,QLD
Bookaar,VIC
Booker Bay,NSW
Bookham,NSW
Boolambayte,NSW
Boolarra,VIC
Boole Poole,VIC
Booleroo,SA
Booligal,NSW
Boomerang Beach,NSW
Boomer Bay,TAS
Boompa,QLD
Boonah,QLD,VIC
Booral,NSW,QLD
Boorcan,VIC
Boorhaman,VIC
Booroobin,QLD
Booroorban,NSW
Boorowa,NSW
Boort,VIC
Booyal,QLD
Boranup,WA
Bora Ridge,NSW
Borden,WA
Bordertown,SA
Border Village,SA,WA
Boree Creek,NSW
Boreen Point,QLD
Boronia,VIC
Boronia Heights,QLD
Bororen,QLD
Borroloola,NT
Bostocks Creek,VIC
Boston,SA
Botanic Ridge,VIC
Bothwell,TAS
Boulder,WA
Boulia,QLD
Boundary Bend,VIC
Bourke,NSW
Bouvard,WA
Bowan Park,NSW
Bow Bowing,NSW
Bowden,SA
Bowen,NSW,QLD
Bowenfels,NSW
Bowen Hills,QLD
Bowenville,QLD
Bowes,WA
Bowmans,SA
Bowral,NSW
Bowraville,NSW
Box Hill,NSW,VIC
Boyanup,WA
Boydtown,NSW
Boyland,QLD
Boynewood,QLD
Boyup Brook,WA
Bracalba,QLD
Bracken Ridge,QLD
Bracknell,TAS
Bradbury,NSW,SA
Braddon,NSW
Braemore,QLD
Brahma Lodge,SA
Braidwood,NSW
Brandon,QLD
Brandy Hill,NSW
Branxholm,TAS
Branxholme,VIC
Branxton,NSW
Braybrook,VIC
Bray Park,NSW,QLD
Breadalbane,NSW,QLD,TAS
Breakfast Creek,NSW,QLD
Breakfast Point,NSW
Breakwater,VIC
Bredbo,NSW
Bremer Bay,WA
Brewarrina,NSW
Briar Hill,VIC
Bribbaree,NSW
Bribie Island,QLD
Bridgenorth,TAS
Bridges,QLD
Bridgetown,WA
Bridgewater,SA,TAS,VIC
Bridgman,NSW
Bridport,TAS
Brigalow,QLD
Bright,SA,VIC
Brighton,QLD,SA,TAS,VIC
Brim,VIC
Brimpaen,VIC
Brindabella,NSW
Bringelly,NSW
Brisbane,QLD
Broad Arrow,WA
Broadbeach,QLD
Broadford,VIC
Broadmeadow,NSW
Broadmeadows,TAS,VIC
Broadview,SA
Broadwater,NSW,QLD,VIC,WA
Broadwood,WA
Brocklesby,NSW
Brockman,WA
Broken Head,NSW
Broken Hill,NSW
Bronte,NSW
Bronte Park,TAS
Brookfield,NSW,QLD,VIC
Brooklands,NSW,QLD
Brooklyn,NSW,TAS,VIC
Brooklyn Park,SA
Brookstead,QLD
Brookton,WA
Broome,WA
Broomehill,WA
Brooweena,QLD
Broulee,NSW
Brown Hill Creek,SA
Brownlow Ki,SA
Brownsville,NSW
Bruce,NSW,SA
Bruce Rock,WA
Brucknell,VIC
Brukunga,SA
Brungle,NSW
Brunswick,VIC,WA
Brunswick Heads,NSW
Bruny Island,TAS
Bruthen,VIC
Buangor,VIC
Bucasia,QLD
Buchan,VIC
Buckland,QLD,TAS,VIC,WA
Buderim,QLD
Buffalo,VIC
Buffalo River,VIC
Bugle Hut,SA
Bugle Ranges,SA
Bukkulla,NSW
Bulahdelah,NSW
Bulart,VIC
Bulla,NSW,VIC
Bullaburra,NSW
Bullaring,WA
Bull Creek,SA,WA
Bulleen,VIC
Bullengarook,VIC
Bullfinch,WA
Bulli,NSW
Bullioh,VIC
Buln Buln,VIC
Bunbartha,VIC
Bunbury,SA,WA
Bundaberg,QLD
Bundalaguah,VIC
Bundalong,VIC
Bundanoon,NSW,WA
Bundarra,NSW
Bundeena,NSW
Bundoora,QLD,VIC
Bungendore,NSW
Bungle Bungles,WA
Bungonia,NSW
Bungunya,QLD
Buninyong,VIC
Bunjil,WA
Bunnan,NSW
Buntine,WA
Bunya,QLD
Bunyip,VIC
Burbank,QLD
Burdett,NSW,SA
Burekup,WA
Burketown,QLD
Burleigh Heads,QLD
Burnie,TAS
Burning Mountain,NSW
Burnley,VIC
Burns Beach,WA
Burnside,QLD,SA,VIC,WA
Buronga,NSW
Burpengary,QLD
Burra,NSW,SA
Burra Burri,QLD
Burracoppin,WA
Burrawang,NSW
Burrell Creek,NSW
Burren Junction,NSW
Burrinjuck,NSW
Burroway,NSW
Burrum Heads,QLD
Burswood,WA
Burwood,NSW,VIC
Burwood Heights,NSW,VIC
Bushfield,VIC
Bushy Park,QLD,TAS,VIC
Bute,SA
Butler,SA,WA
Buxton,NSW,QLD,VIC
Byford,WA
Byng,NSW
Byrneside,VIC
Byrock,NSW
Byron Bay,NSW
Cable Beach,WA
Caboolture,QLD
Cabramatta,NSW
Cabramurra,NSW
Cadell,SA
Cadoux,WA
Caffreys Flat,NSW
Caiguna,WA
Cairns,QLD
Calamvale,QLD
Calder,TAS
Caldermeade,VIC
Calder Park,VIC
Calen,QLD
California Gully,VIC
Calimo,NSW
Calingiri,WA
Calivil,VIC
Callaghan,NSW
Callignee,VIC
Callington,SA
Calliope,NSW,QLD
Caloundra,QLD
Caltowie,SA
Calvert,NT,QLD
Camballin,WA
Camberwell,NSW,VIC
Cambooya,QLD
Cambridge,WA
Cambridge Gardens,NSW
Camden,NSW
Camden Head,NSW
Camden Park,NSW,SA
Cameron Park,NSW
Camillo,WA
Cammeray,NSW
Camooweal,QLD
Campania,TAS
Campbellfield,VIC
Campbelltown,NSW,SA,VIC
Campbell Town,TAS
Camperdown,NSW,VIC
Camp Hill,QLD
Campsie,NSW
Canberra,NSW
Candelo,NSW
Cania,QLD
Canning,WA
Canningvale,QLD
Canning Vale,WA
Cannon Hill,QLD
Cannon Valley,QLD
Cann River,VIC
Canoelands,NSW
Canowindra,NSW,QLD
Canterbury,NSW,VIC
Canteen Creek,NT
Canton Beach,NSW
Capalaba,QLD
Cape Barren Island,TAS
Cape Bridgewater,VIC
Cape Jaffa,SA
Cape Jervis,SA
Capel,WA
Cape Leveque,WA
Capella,QLD
Cape Otway,VIC
Cape Paterson,VIC
Capertee,NSW
Cape Tribulation,QLD
Cape Woolamai,VIC
Cape York,QLD
Captains Flat,NSW
Captains Mountain,QLD
Carabooda,WA
Caragabal,NSW
Caramut,VIC
Carapooee,VIC
Caravonica,QLD
Carbrook,QLD
Carcoar,NSW
Cardinia,VIC
Cardross,VIC
Cardwell,QLD
Carey Gully,SA
Carindale,QLD
Carine,WA
Caringbah,NSW
Carisbrook,VIC
Carlingford,NSW
Carlisle,WA
Carlton,NSW,TAS,VIC
Carmila,QLD
Carnamah,WA
Carnarvon,WA
Carnegie,VIC
Caroona,NSW
Carpendale,QLD
Carramar,NSW,WA
Carrathool,NSW
Carrick,NSW,TAS
Carrieton,SA
Carrington,NSW,QLD
Carrum,VIC
Carrum Downs,VIC
Casey,NSW,TAS
Casino,NSW
Cassilis,NSW,VIC
Castaways Beach,QLD
Casterton,VIC
Castle Cove,NSW
Castlecrag,NSW
Castle Hill,NSW,QLD
Castlemaine,VIC
Castlereagh,NSW
Castle Rock,NSW
Casuarina,NSW,NT,WA
Casula,NSW
Catherine Field,NSW
Catherine Hill Bay,NSW
Cattai,NSW
Caulfield,VIC
Caversham,WA
Caveside,TAS
Cecil Hills,NSW
Cecil Park,NSW
Cecil Plains,QLD
Ceduna,SA
Centennial Park,NSW,WA
Central Coast,NSW
Central Tilba,NSW
Central West,NSW
Cervantes,WA
Cessnock,NSW
Chadstone,VIC
Chaffey,SA
Chain Valley Bay,NSW
Chambers Flat,QLD
Chandler,QLD,WA
Changerup,WA
Chapman,NSW
Charbon,NSW
Charles Sturt University,NSW
Charleston,SA
Charlestown,NSW,QLD
Charleville,QLD
Charlton,NSW,QLD,VIC
Charters Towers,QLD
Chatswood,NSW
Chelmer,QLD
Cheltenham,NSW,QLD,SA,VIC
Cherbourg,QLD
Chermside,QLD
Cherrybrook,NSW
Chester Hill,NSW
Chevallum,QLD
Chewton,VIC
Chidlow,WA
Chifley,NSW
Childers,QLD,VIC
Chillagoe,QLD
Chiltern,VIC
Chinchilla,QLD
Chippendale,NSW
Chirnside Park,VIC
Christie Downs,SA
Christies Beach,SA
Christmas Hills,TAS,VIC
Christmas Island,WA
Churchill,QLD,VIC
Churchlands,WA
Church Point,NSW
Cinnabar,QLD
City Beach,WA
Clackline,WA
Clare,NSW,QLD,SA
Claremont,TAS,WA
Clarence Gardens,SA
Clarence Park,SA
Clarence Town,NSW
Clarendon Vale,TAS
Clarinda,VIC
Clarkefield,VIC
Clarkson,WA
Clayfield,QLD
Clayton,SA,VIC
Clayton Bay,SA
Clear Island Waters,QLD
Clearview,SA
Cleland,SA
Clemton Park,NSW
Clermont,QLD
Cleve,SA
Cleveland,NSW,QLD,TAS
Clifton,NSW,QLD,WA
Clifton Beach,QLD,TAS
Clifton Hill,QLD,VIC
Clifton Springs,VIC
Clinton,QLD,SA
Cloncurry,QLD
Clontarf,NSW,QLD
Clovelly,NSW
Cloverdale,WA
Cloverlea,VIC
Cluden,QLD
Clunes,NSW,VIC
Clyde,NSW,VIC
Coalcliff,NSW
Cobar,NSW
Cobargo,NSW
Cobden,VIC
Cobdogla,SA
Cobram,VIC
Coburg,VIC
Cockatoo,QLD,VIC
Cockburn,WA
Cocklebiddy,WA
Cocoroc,VIC
Coffin Bay,SA
Coffs Harbour,NSW
Cohuna,VIC
Colac,VIC
Colbinabbin,VIC
Coldstream,NSW,VIC
Coleambally,NSW
Colebee,NSW
Colebrook,TAS
Coledale,NSW
Coleraine,VIC
Coles Bay,TAS
Colignan,VIC
Collarenebri,NSW
Collaroy,NSW,QLD
Collector,NSW
College Park,SA
Collendina,NSW
Collie,NSW,WA
Collingwood,NSW,VIC
Collingwood Park,QLD,WA
Collinsvale,TAS
Collinsville,QLD,SA
Collinswood,SA
Colonel Light Gardens,SA
Colyton,NSW
Comboyne,NSW
Come By Chance,NSW
Commissariat Point,SA
Como,NSW,QLD,WA
Conara,TAS
Concongella,VIC
Concord,NSW
Condah,VIC
Condamine,QLD
Condobolin,NSW
Condon,QLD
Congarinni,NSW
Congupna,VIC
Coningham,TAS
Coniston,NSW
Constitution Hill,NSW
Coober Pedy,SA
Coobowie,SA
Coochiemudlo Island,QLD
Coodanup,WA
Coogee,NSW,WA
Cookamidgera,NSW
Cookardinia,NSW
Cookernup,WA
Cooktown,QLD
Coolac,NSW
Cooladar Hill,WA
Coolah,NSW
Coolamon,NSW
Coolangatta,NSW,QLD
Coolaroo,VIC
Coolbinia,WA
Coolgardie,NSW,WA
Coolmunda,QLD
Cooloola,QLD
Cooloongup,WA
Coolum Beach,QLD
Coolup,WA
Cooma,NSW,VIC
Coomealla,NSW
Coomera,QLD
Coonabarabran,NSW
Coonalpyn,SA
Coonamble,NSW
Coonamia,SA
Coonawarra,NT,SA
Coopernook,NSW
Cooran,QLD
Cooranbong,NSW
Coorong,SA
Coorow,WA
Cooroy,QLD
Coorparoo,QLD
Cootamundra,NSW
Cooyar,QLD
Copley,SA,WA
Coraki,NSW
Coral Bay,WA
Cora Lynn,VIC
Corbie Hill,NSW
Cordeaux Heights,NSW
Corfield,QLD
Corinda,QLD
Corinella,NSW,VIC
Corinna,TAS
Corio,VIC
Corlette,NSW
Corny Point,SA
Cororooke,VIC
Corowa,NSW
Corrigin,WA
Corryong,VIC
Cosmo Newbery,WA
Cossack,NT,WA
Cottage Point,NSW
Cottesloe,WA
Cottonvale,QLD
Courabyra,NSW
Cowandilla,SA
Cowell,SA
Cowes,VIC
Cowra,NSW
Cowwarr,VIC
Crabtree,TAS
Crace,NSW
Cracow,QLD
Cradle Mountain,TAS
Crafers,SA
Craigie,NSW,VIC,WA
Craigieburn,VIC
Craiglie,QLD
Cranbourne,VIC
Cranbrook,QLD,TAS,WA
Crawley,WA
Crediton,QLD
Cremorne,NSW,QLD,TAS,VIC
Crescent Head,NSW
Cressy,TAS,VIC
Crestmead,QLD
Creswick,VIC
Crib Point,VIC
Cringila,NSW
Cromer,NSW,SA,VIC
Crookwell,NSW
Crossdale,QLD
Crossley,VIC
Crowdy Head,NSW
Crows Nest,NSW,QLD
Croydon,NSW,QLD,SA,VIC
Croydon Park,NSW,SA
Crystal Brook,QLD,SA
Cuballing,WA
Cudal,NSW
Cudgewa,VIC
Cudlee Creek,SA
Cue,WA
Culburra Beach,NSW
Culcairn,NSW
Culgoa,VIC
Cullacabardee,WA
Cullen Bullen,NSW
Cummins,SA
Cumnock,NSW
Cundeelee,WA
Cunderdin,WA
Cunnamulla,QLD
Cuprona,TAS
Curl Curl,NSW
Curlewis,NSW,VIC
Curlwaa,NSW
Currabubula,NSW
Currajong,QLD
Curramulka,SA
Currans Hill,NSW
Currency Creek,SA
Currie,TAS
Currumbin,QLD
Curtin,NSW
Cushnie,QLD
Cygnet,TAS
Daceyville,NSW
Daglish,WA
Daintree,QLD
Daisy Hill,QLD,VIC
Dajarra,QLD
Dakabin,QLD
Dalby,QLD
Dales Creek,VIC
Dalgety,NSW
Dalkeith,WA
Dalveen,QLD
Dalwallinu,WA
Daly River,NT
Dalyston,VIC
Daly Waters,NT
Dampier,WA
Dandaragan,WA
Dandenong,VIC
Dandenong Ranges,VIC
Dangin,WA
Darbys Falls,NSW
Dardanup,WA
Dargal Road,QLD
Dargan,NSW
Dargo,VIC
Darkan,WA
Darke Peak,SA
Darling Downs,WA
Darlinghurst,NSW
Darling Point,NSW
Darlington,NSW,QLD,SA,VIC,WA
Darlington Point,NSW
Darra,QLD
Darraweit Guim,VIC
Dartmoor,VIC,WA
Darwin,NT
Darwin City,NT
Darwin River,NT
Davoren Park,SA
Dayboro,QLD
Daydream Island,QLD
Daylesford,VIC
Deanmill,WA
Deans Marsh,VIC
Deception Bay,QLD
Deddington,TAS
Deep Lead,VIC
Deepwater,NSW,QLD,SA
Deer Vale,NSW
Delacombe,VIC
Delegate,NSW
Deloraine,TAS
Delungra,NSW
Denham,WA
Denham Court,NSW
Deniliquin,NSW
Denison,VIC
Denistone,NSW
Denman,NSW
Denmark,WA
Dennington,VIC
Derby,TAS,VIC,WA
Dernancourt,SA
Derrinallum,VIC
Derwent Bridge,TAS
Derwent Park,TAS
Devenish,VIC
Devon Hills,TAS
Devonport,TAS
Dhurringile,VIC
Diamond Creek,VIC
Diamond Valley,QLD
Dianella,WA
Diddillibah,QLD
Digby,VIC
Diggers Rest,VIC
Diggora,VIC
Dilston,TAS
Dimboola,VIC
Dingee,VIC
Dingley Village,VIC
Dinmore,QLD
Dinner Plain,VIC
Dirk Hartog Island,WA
Dirranbandi,QLD
Docklands,VIC
Dolls Point,NSW
Dolphin Sands,TAS
Donald,VIC
Doncaster,VIC
Dongara,WA
Donnybrook,QLD,VIC,WA
Donvale,VIC
Don Valley,VIC
Dookie,VIC
Doolandella,QLD
Doomadgee,QLD
Doonbah,NSW
Doonside,NSW
Doreen,VIC
Dorrigo,NSW
Double Bay,NSW
Double Island,QLD
Douglas,QLD,VIC
Douglas Park,NSW
Dover,TAS
Dover Heights,NSW
Doveton,VIC
Dowerin,WA
Dowsing Point,TAS
Drillham,QLD
Driver,NT
Dromana,VIC
Drummond,VIC
Drummoyne,NSW
Drysdale,VIC
Duaringa,QLD
Dubbo,NSW
Dublin,SA
Dulacca,QLD
Dulcot,TAS
Dulwich,SA
Dulwich Hill,NSW
Dumbalk,VIC
Dumberning,WA
Dumbleyung,WA
Dunalley,TAS
Duncraig,WA
Dundas,NSW,QLD,WA
Dundee,NSW
Dundee Beach,NT
Dunedoo,NSW
Dungog,NSW
Dunkeld,NSW,QLD,VIC
Dunk Island,QLD
Dunolly,NSW,VIC
Dunsborough,WA
Durack,NT,QLD,WA
Dural,NSW
Duri,NSW
Durras,NSW
Dutton Park,QLD
Dwellingup,WA
Dynevor,QLD
Dynnyrne,TAS
Dysart,QLD,TAS,VIC
Eagle Farm,QLD
Eaglehawk,VIC
Eaglehawk Neck,TAS
Eaglemont,VIC
Eagle Point,VIC
Eagle Vale,NSW
Eastbrook,WA
Eastern Creek,NSW
East Arm,NT
East Hills,NSW
East Perth,WA
East Point,NT
Eastlakes,NSW
Eastwood,NSW,SA,VIC
Eaton,NT,QLD,WA
Eatons Hill,QLD
Ebenezer,NSW,QLD,SA
Echuca,VIC
Echunga,SA
Eden,NSW
Edenhope,VIC
Eden Park,VIC
Eden Valley,SA
Edillilie,SA
Edinburgh,SA
Edithburgh,SA
Edmondson Park,NSW
Eidsvold,QLD
Eight Mile Plains,QLD
Eildon,VIC
Elaine,VIC
Elanora,QLD
Elanora Heights,NSW
El Arish,QLD
Eldorado,VIC
Eleebana,NSW
Elimbah,QLD
Elizabeth,SA
Elizabeth Bay,NSW
Ellen Grove,QLD
Ellenbrook,WA
Elliston,SA
Elmhurst,VIC
Elmore,VIC
Elphinstone,QLD,VIC
Elrundie,NT
Elsternwick,VIC
Eltham,NSW,VIC
Elwood,VIC
Embleton,WA
Emerald,QLD,VIC
Emerald Hill,NSW
Emmaville,NSW
Emu Heights,NSW,TAS
Emu Park,QLD
Emu Plains,NSW
Emu Vale,QLD
Encounter Bay,SA
Endeavour Hills,VIC
Eneabba,WA
Engadine,NSW
Enmore,NSW
Enngonia,NSW
Epping,NSW,VIC
Erica,VIC
Erina Heights,NSW
Erldunda,NT
Ermington,NSW
Eromanga,QLD
Erskine Park,NSW
Erskineville,NSW
Esk,NSW,QLD
Eskdale,QLD,VIC
Esperance,WA
Essendon Fields,VIC
Etty Bay,QLD
Eucla,WA
Eudlo,QLD
Eudunda,SA
Eugowra,NSW
Eulo,QLD
Euroa,VIC
Eurobin,VIC
Euston,NSW
Evandale,SA,TAS
Evans Head,NSW
Evans Landing,QLD
Evanston,SA
Evelyn,QLD
Everton Hills,QLD
Exeter,NSW,SA,TAS
Exmouth,WA
Fadden,NSW
Fairfield,NSW,QLD,VIC
Fairlight,NSW
Fairview Park,SA
Falls Creek,NSW,VIC
Falmouth,TAS
False Bay,SA
Fannie Bay,NT
Faraway Bay,WA
Farrar,NT
Farrell Flat,SA
Farrer,NSW
Faulconbridge,NSW
Fawkner,VIC
Federal,NSW,QLD
Felixstow,SA
Fernbank,VIC
Fern Bay,NSW
Ferndale,VIC,WA
Ferntree Gully,VIC
Ferny Creek,VIC
Ferodale,NSW
Fifield,NSW
Figtree,NSW
Finch Hatton,QLD
Findon,SA
Fingal,TAS,VIC
Fingal Head,NSW
Finley,NSW
Finniss,SA
Fish Creek,VIC
Fisherman Bay,SA
Fitzgerald River,WA
Fitzgibbon,QLD
Fitzroy,SA,VIC
Fitzroy Crossing,WA
Fitzroy Falls,NSW
Fitzroy Island,QLD
Flemington,VIC
Flinders,NSW,VIC
Flinders Island,TAS
Flinders Park,SA
Flinders Ranges,SA
Floreat,WA
Flowerdale,TAS,VIC
Fly Creek,NT
Footscray,VIC
Forbes,NSW,VIC
Forest Hill,NSW,QLD,VIC,WA
Forest Lodge,NSW
Forest Range,SA
Forest Reefs,NSW
Forestville,NSW,SA
Forrest,NSW,VIC,WA
Forrestfield,WA
Forreston,SA
Forster-Tuncurry,NSW
Foster,VIC
Fountaindale,NSW
Fowlers Bay,SA
Foxground,NSW
Frankland River,WA
Franklin,NSW,TAS
Frankston,VIC
Fraser Island,QLD
Fredericksfield,QLD
Freds Pass,NT
Freeling,SA
Fremantle,WA
French Island,VIC
Frenchs Forest,NSW,QLD
Fulham,QLD,SA,VIC
Gabbadah,WA
Galiwinku,NT
Galong,NSW
Ganmain,NSW
Gannawarra,VIC
Gapuwiyak,NT
Garah,NSW
Garden Island,SA,WA
Garra,NSW
Gascoyne,WA
Gascoyne Junction,WA
Gatton,QLD
Gawler,SA,TAS
Gayndah,QLD
Geelong,VIC
Geeveston,TAS
Geilston Bay,TAS
Gellibrand,VIC
Gembrook,VIC
Genoa,VIC
Georges Hall,NSW
Georgetown,NSW,QLD,SA
George Town,TAS
Geraldton,WA
Gerang Gerung,VIC
Germein Bay,SA
Gerringong,NSW
Gerroa,NSW
Gheerulla,QLD
Gherang,VIC
Gibson,WA
Gidgegannup,WA
Gilgandra,NSW
Gilgering,WA
Gillenbah,NSW
Gilles Plains,SA
Gindoran,QLD
Gingin,WA
Gin Gin,NSW,QLD
Gippsland,VIC
Girgarre,VIC
Girilambone,NSW
Girral,NSW
Girraween,NSW,NT,QLD
Giru,QLD
Gisborne,VIC
Gladesville,NSW
Gladstone,NSW,QLD,SA,TAS
Gladstone Park,VIC
Gladysdale,VIC
Glandore,SA
Glebe,NSW,QLD,TAS
Glenalbyn,VIC
Glen Alvie,VIC
Glen Aplin,QLD
Glenbrook,NSW
Glendale,NSW,QLD
Glendalough,WA
Glenden,QLD
Glenelg,NSW,SA
Glenfield,NSW,WA
Glen Forrest,WA
Glengarry,TAS,VIC,WA
Glengowrie,SA
Glen Helen,NT
Glen Innes,NSW
Glen Iris,VIC,WA
Glenmore Park,NSW
Glenrowan,VIC
Glenroy,NSW,QLD,SA,VIC
Glenthompson,VIC
Glen Waverley,VIC
Glenwood,NSW,QLD
Glossop,SA
Gloucester,NSW
Gnangara,WA
Gnarabup,WA
Gnowangerup,WA
Godwin Beach,QLD
Gold Coast,QLD
Golden Bay,WA
Golden Grove,NSW,SA
Golden Heights,SA
Goldie,VIC
Goldsborough,QLD,VIC
Gol Gol,NSW
Goodnight,NSW
Gooloogong,NSW
Goolwa,SA
Goomalling,WA
Goombungee,QLD
Goomeri,QLD
Goondiwindi,QLD
Goonengerry,NSW
Goorambat,VIC
Goornong,VIC
Gordon,NSW,TAS,VIC
Gordon Park,QLD
Gordonvale,QLD
Gormandale,VIC
Goroke,VIC
Gosford,NSW
Gosnells,WA
Goulburn,NSW
Goulds Country,TAS
Grafton,NSW
Grandchester,QLD
Grange,QLD,SA
Grantham,QLD
Grantville,VIC
Granville Harbour,TAS
Grass Patch,WA
Grasstree Hill,TAS
Grass Valley,WA
Gravelly Beach,TAS
Gravesend,NSW
Grays Point,NSW
Graytown,VIC
Great Mackerel Beach,NSW
Great Western,VIC
Greenbushes,WA
Greenethorpe,NSW
Green Fields,SA
Green Head,WA
Greenhill,NSW,SA,VIC
Green Island,QLD
Greenmount,QLD,WA
Greenock,SA
Greenough,WA
Greenslopes,QLD
Greenvale,QLD,VIC
Greenway,NSW
Greenwood,QLD,WA
Gregory,NT,QLD,WA
Grenfell,NSW
Gresford,NSW
Greta,NSW,VIC
Griffith,NSW
Grosmont,QLD
Guanaba,QLD
Guildford,NSW,TAS,VIC,WA
Gulargambone,NSW
Gulfview Heights,SA
Gulgong,NSW
Gulngai,QLD
Gumdale,QLD
Gumeracha,SA
Gunbalanya,NT
Gunbower,VIC
Gundagai,NSW
Gundowring,VIC
Gundy,NSW
Gunnedah,NSW
Gunning,NSW
Guyra,NSW
Gwabegar,NSW
Gwalia,WA
Gymea,NSW
Gympie,QLD
Haberfield,NSW
Hackham,SA
Haden,QLD
Hadspen,TAS
Hahndorf,SA
Hallam,VIC
Hallett,SA
Hallett Cove,SA
Halls Creek,NSW,WA
Halls Gap,VIC
Hallston,VIC
Hamel,WA
Hamersley,WA
Hamilton,NSW,QLD,SA,TAS,VIC
Hamilton Island,QLD
Hamilton Valley,NSW
Hampton,NSW,QLD,VIC
Hampton Park,VIC
Hannaford,QLD
Harcourt,VIC
Harden,NSW
Harrietville,VIC
Harrington,NSW
Harris Park,NSW
Harrisville,QLD
Harrow,VIC
Harston,VIC
Hartley,NSW,SA
Harvey,WA
Harwood,NSW
Hastings,TAS,VIC,WA
Hastings Point,NSW
Hat Head,NSW
Hattah,VIC
Hawker,NSW,SA
Hawkesbury Heights,NSW
Hawkesdale,VIC
Hawks Nest,NSW
Hawthorn,SA,VIC
Hay,NSW,WA
Hazelbrook,NSW
Hazeldean,QLD
Hazelwood,VIC
Heathcote,NSW,VIC
Heathcote Junction,VIC
Heatherton,VIC
Heathmont,VIC
Heathpool,SA
Hectorville,SA
Heidelberg,VIC
Helensvale,QLD
Hemmant,QLD
Henty,NSW,VIC,WA
Hepburn Springs,VIC
Herberton,QLD
Herdsman,WA
Hermannsburg,NT
Hermidale,NSW
Heron Island,QLD
Hervey Bay,QLD
Hexham,NSW,VIC
Heyfield,VIC
Heywood,VIC
Highbury,QLD,SA,WA
Highcroft,TAS
Highett,VIC
Highgate,SA,WA
Highgate Hill,QLD
Highlands,VIC
Highton,VIC
High Wycombe,WA
Hill End,NSW,VIC
Hillgrove,NSW
Hillston,NSW
Hinchinbrook Island,QLD
Hines Hill,WA
Hinton,NSW
Hivesville,QLD
Hobart,TAS
Holbrook,NSW
Holden Hill,SA
Holland Park,QLD
Holmesville,NSW
Holsworthy,NSW
Holtze,NT
Homebush,NSW,QLD,VIC
Hopeland,QLD,WA
Hopetoun,VIC,WA
Hope Valley,SA,WA
Hoppers Crossing,VIC
Horizontal Falls,WA
Horrocks,WA
Horsham,VIC
Horsley Park,NSW
Horsnell Gully,SA
Houghton,SA
Howard,QLD
Howard Springs,NT
Howlong,NSW
Hughenden,QLD
Hughesdale,VIC
Humpty Doo,NT
Hungerford,NSW,QLD,SA
Hunters Hill,NSW
Huntingfield,TAS
Hurstville,NSW
Huskisson,NSW
Hyden,WA
Hyde Park,QLD,SA
Hyland Park,NSW
Ida Creek,NT
Ilbilbie,QLD
Ilfracombe,QLD
Illawarra,VIC
Illowa,VIC
Ilparpa,NT
Iluka,NSW,WA
Imanpa,NT
Indented Head,VIC
Ingham,QLD
Ingle Farm,SA
Inglestone,QLD
Inglewood,QLD,SA,VIC,WA
Injune,QLD
Innamincka,SA
Inneston,SA
Innisfail,QLD
Inverell,NSW
Invergordon,NSW,VIC
Inverleigh,VIC
Inverloch,VIC
Invermay,TAS,VIC
Ipswich,QLD
Irishtown,TAS,VIC,WA
Iron Knob,SA
Irvinebank,QLD
Irymple,NSW,VIC
Isisford,QLD
Island Beach,SA
Islington,NSW
Ivanhoe,NSW,VIC
Jabiru,NT
Jacobs Well,QLD
Jalbarragup,WA
Jamberoo,NSW
Jamboree Heights,QLD
Jamestown,SA
Jamieson,SA,VIC
Jandowae,QLD
Jarrahdale,WA
Jennings,NSW
Jeparit,VIC
Jericho,QLD,SA,TAS,VIC
Jerilderie,NSW
Jerrabomberra,NSW
Jerramungup,WA
Jerrys Plains,NSW
Jerusalem,SA
Jervis Bay,NSW
Jesmond,NSW
Jilkminggan,NT
Jimboomba,QLD
Jimbour,QLD
Jindabyne,NSW
Jindera,NSW
Joadja,NSW
Joanna,SA
Johanna,VIC
Johnsonville,VIC
Jondaryan,QLD
Joondalup,WA
Joondanna,WA
Jugiong,NSW
Julia Creek,QLD
Julimar,WA
Junee,NSW
Jurien Bay,WA
Kaarimba,VIC
Kadina,NSW,SA
Kakadu,NT
Kalamunda,WA
Kalangadoo,SA
Kalannie,WA
Kalbarri,WA
Kalgoorlie,WA
Kalimna,VIC
Kallista,VIC
Kalorama,VIC
Kalumburu,WA
Kambah,NSW
Kambalda,WA
Kameruka,NSW
Kandos,NSW
Kangaroo Island,SA
Kangaroo Point,NSW,QLD
Kangaroo Valley,NSW
Kaniva,VIC
Kanowna,WA
Kapooka,NSW
Kapunda,SA
Karlgarin,WA
Karnup,WA
Karoola,TAS
Karoonda,SA
Karratha,WA
Karridale,WA
Karuah,NSW
Karumba,QLD
Katamatite,VIC
Katanning,WA
Kata Tjuta,NT
Katherine,NT
Katoomba,NSW
Katunga,VIC
Keilor,VIC
Keilor Downs,VIC
Keith,SA
Kellerberrin,WA
Kellevie,TAS
Kelly,SA
Kelvin Grove,QLD
Kempsey,NSW
Kempton,NSW,TAS
Kendall,NSW
Kendenup,WA
Kenilworth,QLD
Kensington,NSW,QLD,SA,VIC,WA
Kentucky,NSW
Keralup,WA
Kerang,VIC
Kersbrook,SA
Kettering,TAS
Kew,NSW,VIC
Keysborough,VIC
Keysbrook,WA
Khancoban,NSW
Kiama,NSW
Kiandra,NSW
Kianga,NSW,QLD
Kilcoy,QLD
Kilkivan,QLD
Killarney,QLD,VIC
Kilmore,VIC
Kilsyth,VIC
Kimba,SA
Kimberley,QLD,TAS
Kincumber,NSW
Kingaroy,QLD
King Island,TAS
Kinglake,VIC
Kings Canyon,NT
Kingscliff,NSW
Kingsgrove,NSW
Kings Langley,NSW
Kingsley,WA
Kings Meadows,TAS
Kingsthorpe,QLD
Kingston,NSW,QLD,TAS,VIC,WA
Kingston on Murray,SA
Kingston Park,SA
Kin Kin,QLD
Kinnoul,QLD
Kippa-Ring,QLD
Kirribilli,NSW
Klemzig,SA
Knoxfield,VIC
Koah,QLD
Kojonup,WA
Kondinin,WA
Koondrook,VIC
Koonwarra,VIC
Koonya,TAS
Kooragang,NSW
Koorawatha,NSW
Koorda,WA
Kooringal,NSW,QLD
Kootingal,NSW
Koo Wee Rup,VIC
Kooyong,VIC
Koraleigh,NSW
Koroit,VIC
Korong Vale,VIC
Korumburra,VIC
Korunye,SA
Kosciuszko,NSW
Kotupna,VIC
Koyuga,VIC
Kudla,SA
Kuender,WA
Kuitpo,SA
Kukerin,WA
Kulin,WA
Kuluin,QLD
Kununurra,WA
Kuraby,QLD
Kuranda,QLD
Kureen,QLD
Kurmond,NSW
Kurnell,NSW
Kurraba Point,NSW
Kurrajong,NSW
Kurri Kurri,NSW
Kurunjang,VIC
Kwinana,WA
Kyabram,VIC
Kyneton,VIC
Kyogle,NSW
Kyvalley,VIC
Labertouche,VIC
Labrador,QLD
Lady Barron,TAS
Lady Elliot Island,QLD
Laidley,QLD
Lake Argyle,WA
Lake Barrine,QLD
Lake Boga,VIC
Lake Bolac,VIC
Lake Cargelligo,NSW
Lake Charm,VIC
Lake Condah,VIC
Lake Eyre,SA
Lake Gardens,VIC
Lake Grace,WA
Lake King,WA
Lakelands,NSW,WA
Lake Macquarie,NSW
Lakemba,NSW
Lake Mungo,NSW
Lakes Entrance,VIC
Lakesland,NSW
Lake St. Clair,TAS
Lake Tyers,VIC
Lalbert,VIC
Lalor,VIC
Lambton,NSW
Lameroo,SA
Lancefield,VIC
Lancelin,WA
Landsborough,QLD,VIC
Lane Cove,NSW
Langford,WA
Langkoop,VIC
Langwarrin,VIC
Laramba,NT
Largs Bay,SA
Larrimah,NT
Lascelles,VIC
Latrobe,TAS
Lauderdale,TAS
Launceston,TAS
Laura,QLD,SA
Laurieton,NSW
Lavender Bay,NSW
Lavers Hill,VIC
Laverton,VIC,WA
Lawes,QLD
Lawgi Dawes,QLD
Lawn Hill,QLD
Lawnton,QLD
Lawson,NSW
Leda,WA
Ledge Point,WA
Leederville,WA
Leeman,WA
Leeton,NSW
Leets Vale,NSW
Legerwood,TAS
Legume,NSW
Leichhardt,NSW,QLD
Leigh Creek,SA,VIC
Leinster,WA
Leitchville,VIC
Lemon Tree Passage,NSW
Lenah Valley,TAS
Lennox Head,NSW
Lenswood,SA
Leongatha,VIC
Leonora,WA
Leopold,VIC
Lethbridge,VIC
Leura,NSW
Lewisham,NSW,TAS
Leyburn,QLD
Licola,VIC
Liffey,TAS
Lightning Ridge,NSW
Lilydale,NSW,QLD,TAS,VIC
Limestone Coast,SA
Linden,NSW,QLD
Lindenow,VIC
Linton,VIC
Lismore,NSW,VIC
Liston,NSW
Lithgow,NSW
Little Forest,NSW
Little River,NSW,VIC
Lizard Island,QLD
Lobethal,SA
Loch,VIC
Lochiel,NSW,SA
Lock,SA
Lockhart,NSW,QLD
Lockington,VIC
Loganholme,QLD
Loganlea,QLD
Longford,TAS,VIC
Long Point,NSW
Longreach,NSW,QLD
Lonsdale,SA
Lord Howe Island,NSW
Lorne,NSW,VIC
Lota,QLD
Louth,NSW
Lowden,WA
Lower Plenty,VIC
Loxton,SA
Lucindale,SA
Lucknow,NSW,VIC
Lugarno,NSW
Lurg,VIC
Lutwyche,QLD
Lynbrook,VIC
Lyndhurst,NSW,QLD,SA,VIC
Lyndoch,SA
Lysterfield,VIC
Lytton,QLD
Macarthur,NSW,VIC
Macdonald Park,SA
Macedon,VIC
Macgregor,NSW,QLD
Mackay,QLD
Mackenzie River,QLD
Macksville,NSW
Maclean,NSW,QLD
Macleod,VIC,WA
Macquarie Park,NSW
Maddington,WA
Madura,WA
Maffra,NSW,VIC
Magnetic Island,QLD
Mahogany Creek,WA
Mailors Flat,VIC
Main Ridge,VIC
Maitland,NSW,SA,WA
Majorca,VIC
Majors Creek,NSW,QLD
Malaga,WA
Malanda,QLD
Maleny,QLD
Mallacoota,VIC
Mallala,SA
Mallee,NSW
Malmsbury,VIC
Manangatang,VIC
Mandorah,NT
Mandurah,WA
Mandurama,NSW
Mangalore,TAS,VIC
Mango Hill,QLD
Manildra,NSW
Manilla,NSW
Maningrida,NT
Manjimup,WA
Manly,NSW,QLD
Manmanning,WA
Mannanarie,SA
Mannum,SA
Manoora,QLD,SA
Mansfield,QLD,VIC
Manypeaks,WA
Marama,SA
Marble Bar,WA
Marburg,QLD
Marcoola,QLD
Mareeba,QLD
Maria Island,TAS
Marian,QLD
Mariginiup,WA
Marion Bay,SA,TAS
Marks Landing,SA
Marlborough,QLD
Marlo,VIC
Marnoo,VIC
Marong,VIC
Maroochydore,QLD
Maroubra,NSW
Marrabel,SA
Marrawah,TAS
Marree,SA
Marrickville,NSW
Marthaguy,NSW
Marulan,NSW
Marvel Loch,WA
Maryborough,QLD,VIC
Maryknoll,VIC
Marysville,VIC
Maryville,NSW
Mascot,NSW
Maslin Beach,SA
Mataranka,NT
Mathoura,NSW
Mawson Lakes,SA
Maylands,SA,WA
McCrae,VIC
McKinlay,QLD
Meadows,SA
Meckering,WA
Medlow Bath,NSW
Meekatharra,WA
Meelon,WA
Meerup,WA
Megalong Valley,NSW
Melaleuca,WA
Melbourne,VIC
Melrose,QLD,SA,TAS
Melton,SA,VIC
Menangle,NSW
Menangle Park,NSW
Mendooran,NSW
Menindee,NSW
Meningie,SA
Mentone,VIC
Menzies,QLD,SA,WA
Menzies Creek,VIC
Meredith,VIC
Merewether,NSW
Merimbula,NSW
Merino,VIC
Merredin,WA
Merrigum,VIC
Merriwa,NSW,WA
Merriwagga,NSW
Merrylands,NSW
Merton,VIC
Metung,VIC
Middlemount,QLD
Middleton,QLD,SA,TAS
Midland,WA
Midway Point,TAS
Milang,SA
Milawa,VIC
Mildura,VIC
Mile End,SA
Miles,QLD
Milikapiti,NT
Miling,WA
Milingimbi,NT
Millaa Millaa,QLD
Millicent,SA
Millmerran,QLD
Mill Park,VIC
Millthorpe,NSW
Milparinka,NSW
Milperra,NSW
Milton,NSW,QLD
Mingenew,WA
Minimay,VIC
Minlaton,SA
Minnipa,SA
Mintaro,SA
Minyip,VIC
Miranda,NSW,SA
Mirani,QLD
Mirboo,VIC
Mirboo North,VIC
Mission Beach,QLD
Mitcham,SA,VIC
Mittagong,NSW
Mitta Mitta,VIC
Moama,NSW
Moana,SA
Modbury,SA
Moe,VIC
Mogo,NSW
Mole Creek,TAS
Moliagul,VIC
Mollymook,NSW
Molong,NSW
Monash,NSW,SA
Mona Vale,NSW
Monbulk,VIC
Mondure,QLD
Monegeetta,VIC
Monkey Mia,WA
Montacute,SA
Mont Albert,VIC
Montmorency,VIC
Monto,QLD
Montrose,QLD,TAS,VIC
Mooloolaba,QLD
Moonambel,VIC
Moonbi,NSW
Moonee Ponds,VIC
Moonta,SA
Moora,VIC,WA
Moorabbin,VIC
Moorina,QLD,TAS
Moorine Rock,WA
Moorooduc,VIC
Moorook,SA
Moorooka,QLD
Mooroolbark,VIC
Mooroopna,VIC
Moranbah,QLD
Morawa,WA
Moree,NSW
Moreton Island,QLD
Morgan,SA
Morisset,NSW
Mornington,QLD,TAS,VIC,WA
Morpeth,NSW
Morphett Vale,SA
Mortdale,NSW
Mortlake,NSW,VIC
Moruya,NSW
Morven,NSW,QLD
Morwell,VIC
Mosman,NSW
Mosman Park,QLD,WA
Mossman,QLD
Moss Vale,NSW
Moulamein,NSW
Mt Augustus,
Mt Barker,SA,WA
Mt Beauty,VIC
Mt Britton,QLD
Mt Buffalo,VIC
Mt Buller,VIC
Mt Burr,SA
Mt Colah,NSW
Mt Compass,SA
Mt Cotton,QLD
Mt Cottrell,VIC
Mt Dandenong,VIC
Mt Eliza,VIC
Mt Evelyn,VIC
Mt Gambier,SA
Mt Garnet,QLD
Mt Helena,WA
Mt Isa,QLD
Mt Kosciuszko,NSW
Mt Macedon,VIC
Mt Magnet,WA
Mt Martha,VIC
Mt Molloy,QLD
Mt Morgan,QLD
Mt Nelson,TAS
Mt Perry,QLD
Mt Pleasant,NSW,QLD,SA,VIC,WA
Mt Surprise,QLD
Mt Victoria,NSW
Mt Walker,QLD,WA
Mt Waverley,VIC
Mt Wilson,NSW
Moura,QLD
Mourilyan,QLD
Moyhu,VIC
Muchea,WA
Mudgee,NSW
Mukinbudin,WA
Mulgrave,NSW,QLD,VIC
Mullalyup,WA
Mullewa,WA
Mullumbimby,NSW
Mulwala,NSW
Mundaring,WA
Mundijong,WA
Mundrabilla,WA
Mundubbera,QLD
Mundulla,SA
Mungindi,QLD
Munruben,QLD
Murarrie,QLD
Murchison,VIC,WA
Murdunna,TAS
Murgon,QLD
Murray,QLD
Murray Bridge,SA
Murray-Darling,NSW,VIC
Murray Downs,NSW
Murraylands,SA
Murrayville,VIC
Murringo,NSW
Murrumbateman,NSW
Murrumburrah,NSW
Murrurundi,NSW
Murtho,SA
Murtoa,VIC
Murwillumbah,NSW
Muswellbrook,NSW
Muttaburra,QLD
Myall Lakes,NSW
Myall Park,NSW,QLD
Mylor,SA
Myponga,SA
Myrtleford,VIC
Nabiac,NSW
Nabowla,TAS
Nagambie,VIC
Nambeelup,WA
Nambour,QLD
Nambrok,VIC
Nambucca Heads,NSW
Nanango,QLD
Nandaly,VIC
Nangwarry,SA
Nanima,NSW
Nannup,WA
Nanutarra,WA
Naracoorte,SA
Narangba,QLD
Narbethong,VIC
Narembeen,WA
Narooma,NSW
Narrabri,NSW
Narraburra,NSW
Narrandera,NSW
Narrawong,VIC
Narre Warren,VIC
Narrikup,WA
Narrogin,WA
Narromine,NSW
Narrung,SA,VIC
Nathalia,VIC
Nathan,QLD
Natimuk,VIC
Nedlands,WA
Neerim,VIC
Neilborough,VIC
Nelligen,NSW
Nelson,NSW,VIC
Nelson Bay,NSW,TAS
Nerang,QLD
Newcastle,NSW
New Farm,QLD
New Gisborne,VIC
Newhaven,VIC
Newington,NSW,VIC
Newman,WA
Newmerella,VIC
Newnes,NSW
New Norcia,WA
New Norfolk,TAS
Newport,NSW,QLD,VIC
Newry,VIC
Newstead,NSW,QLD,TAS,VIC
Ngukurr,NT
Nhill,VIC
Nhulunbuy,NT
Nicholson,NT,QLD,VIC
Nimbin,NSW
Nimmitabel,NSW
Ninnes,SA
Noarlunga Centre,SA
Nobby,QLD
Noble Park,VIC
Noojee,VIC
Noonamah,NT
Noorindoo,QLD
Noosa Heads,QLD
Noosaville,QLD
Nora Creina,SA
Norah Head,NSW
Normanhurst,NSW
Normanton,QLD
Norong,VIC
Norseman,WA
Northampton,WA
North Beach,SA,WA
Northbridge,NSW,WA
Northcote,VIC
Northern Rivers,NSW
Northgate,QLD,SA
Northmead,NSW
North Melbourne,VIC
North Star,NSW
Norton Summit,SA
Novar Gardens,SA
Nowa Nowa,VIC
Nowergup,WA
Nowra,NSW
Nubeena,TAS
Nullagine,WA
Nullarbor,SA
Numurkah,VIC
Nunamara,TAS
Nundah,QLD
Nundle,NSW
Nungarin,WA
Nurenmerenmong,NSW
Nyabing,WA
Nyah,VIC
Nyngan,NSW
Nyora,NSW,VIC
Oak Valley,NT
Oakbank,SA
Oakey,QLD
Oakford,WA
Oaklands Junction,VIC
Oaklands Park,SA
Oakleigh,VIC
Oatlands,NSW,TAS
Oberon,NSW
Ocean Grove,VIC
Officer,VIC
Old Reynella,SA
Old Toongabbie,NSW
Olinda,NSW,VIC
Olympic Dam,SA
Omeo,VIC
Ongerup,WA
Onslow,WA
Oodnadatta,SA
Ophir,NSW
Opossum Bay,TAS
Ora Banda,WA
Orana,WA
Orange,NSW
Orbost,VIC
Orchard Hills,NSW
Orford,TAS,VIC
Orielton,TAS
Ormiston,QLD
Orpheus Island,QLD
Orroroo,SA
Osborne,NSW,QLD,SA
O'Sullivan Beach,SA
Ottoway,SA
Ouyen,VIC
Owen,SA
Oxley,NSW,QLD,VIC
Oyster Bay,NSW
Pacific Palms,NSW
Padstow,NSW
Padthaway,SA
Pakenham,VIC
Palen Creek,QLD
Palm Beach,NSW,QLD
Palmer,QLD,SA,WA
Palmer River,QLD
Pambula,NSW
Pannawonica,WA
Panton Hill,VIC
Papunya,NT
Paraburdoo,WA
Parachilna,SA
Paracombe,SA
Parafield,SA
Paralowie,SA
Para Vista,SA
Pardoo,WA
Parilla,SA
Paringa,SA
Parkerville,WA
Parkes,NSW
Park Orchards,VIC
Parkville,NSW,VIC
Parndana,SA
Parrakie,SA
Parraweena,NSW
Pascoe Vale,VIC
Paskeville,SA
Patchewollock,VIC
Paterson,NSW,QLD
Patonga,NSW
Paynesville,VIC,WA
Peak Hill,NSW,WA
Pearcedale,VIC
Pearl Beach,NSW
Peel,NSW
Penguin,TAS
Pennant Hills,NSW
Penola,SA
Penong,SA
Penrith,NSW
Penshurst,NSW,VIC
Pental Island,VIC
Penwortham,SA
Peppermint Grove,WA
Perenjori,WA
Perisher Valley,NSW
Perlubie,SA
Perth,TAS,WA
Peterborough,SA,VIC
Petrie,QLD
Phillip Island,VIC
Pialligo,NSW
Piccadilly,SA,WA
Picton,NSW,WA
Piesseville,WA
Pilbara,WA
Pine Creek,NT,QLD,SA
Pingrup,WA
Pinjarra,WA
Pinkenba,QLD
Pinnaroo,SA
Pithara,WA
Pitt Town,NSW
Pleasure Point,NSW
Plenty,TAS,VIC
Plumpton,NSW,VIC
Plumridge Lakes,WA
Poatina,TAS
Point Leo,VIC
Point Lonsdale,VIC
Point Samson,WA
Pokolbin,NSW
Pontville,TAS
Pooncarie,NSW
Poowong,VIC
Popanyinning,WA
Porepunkah,VIC
Port Albert,VIC
Port Arthur,SA,TAS
Port Augusta,SA
Port Broughton,SA
Port Campbell,VIC
Port Douglas,QLD
Port Elliot,SA
Port Fairy,VIC
Port Germein,SA
Port Gregory,WA
Port Hedland,WA
Port Kennedy,WA
Portland,NSW,VIC
Port Lincoln,SA
Port Macquarie,NSW
Port Melbourne,VIC
Port Moorowie,SA
Port Neill,SA
Port Noarlunga,SA
Port Pirie,SA
Portsea,VIC
Port Stephens,NSW
Port Victoria,SA
Port Vincent,SA
Port Wakefield,SA
Port Welshpool,VIC
Powelltown,VIC
Prahran,VIC
Preston,QLD,TAS,VIC
Prevelly,WA
Proserpine,QLD
Proston,QLD
Puckapunyal,VIC
Punchbowl,NSW,TAS
Purnim,VIC
Pyalong,VIC
Pymble,NSW
Pyramid Hill,VIC
Pyrmont,NSW
Quairading,WA
Quambatook,VIC
Quandialla,NSW
Quartz Hill,NT
Queanbeyan,NSW
Queens Park,WA
Queenstown,SA,TAS
Quilpie,QLD
Quirindi,NSW
Quorn,SA
Railton,TAS
Rainbow,VIC
Rainbow Beach,QLD
Ramingining,NT
Ravenshoe,QLD
Ravensthorpe,WA
Ravenswood,NSW,QLD,TAS,VIC,WA
Raymond Terrace,NSW
Redcliffe,QLD,WA
Red Cliffs,VIC
Redfern,NSW
Redhill,SA
Red Hill,NSW,QLD,VIC,WA
Redmond,WA
Redwood Park,SA
Reedy Creek,NSW,QLD,SA,VIC
Reedy Flat,VIC
Relbia,TAS
Renmark,SA
Renner Springs,NT
Reservoir,VIC,WA
Revesby,NSW
Rheola,VIC
Rhyll,VIC
Richmond,NSW,QLD,SA,TAS,VIC
Riddells Creek,VIC
Ringwood,NSW,QLD,VIC
Risdon Vale,TAS
Riverina,NSW
Riverland,SA
Riverton,QLD,SA,WA
Rivervale,WA
Robe,SA
Robertson,NSW,QLD
Robertstown,SA
Robina,QLD
Robinvale,VIC
Rochedale,QLD
Rockhampton,QLD
Rockingham,QLD,WA
Rocklea,QLD,WA
Rockley,NSW
Rocky Gully,SA,WA
Roebourne,WA
Roelands,WA
Rokeby,TAS,VIC
Rokewood,VIC
Rolleston,QLD
Roma,QLD
Romsey,VIC
Rose Bay,NSW,QLD,TAS
Rosebery,NSW,NT,TAS,VIC
Rosebud,VIC
Rosevears,TAS
Rosewood,NSW,QLD
Roseworthy,SA
Ross,NT,TAS
Ross River,QLD
Rothwell,QLD
Rottnest Island,WA
Roxby Downs,SA
Rozelle,NSW
Rubyvale,QLD
Rupanyup,VIC
Rushworth,VIC
Russell Vale,NSW
Rutherglen,VIC
Rydalmere,NSW
Rye,VIC
Rylstone,NSW
Safety Bay,WA
Salamander Bay,NSW
Sale,VIC
Salisbury,NSW,QLD,SA
Salmon Gums,WA
Saltwater River,TAS
Sandringham,NSW,QLD,VIC
Sandstone,WA
Sandy Creek,NSW,QLD,SA,VIC
San Remo,NSW,VIC,WA
Sarina,QLD
Sassafras,NSW,TAS,VIC
Savage River,TAS
Sawtell,NSW
Sawyers Valley,WA
Scarborough,NSW,QLD,WA
Schofields,NSW
Scone,NSW
Scoresby,VIC
Scotts Creek,NSW,VIC
Scottsdale,TAS
Scotts Head,NSW
Seabird,WA
Seaford,SA,VIC
Seaforth,NSW,QLD
Sea Lake,VIC
Seal Rocks,NSW
Seaspray,VIC
Secret Harbour,WA
Seddon,VIC
Sellicks Beach,SA
Seppeltsfield,SA
Serviceton,QLD,VIC
Sevenhill,SA
Seventeen Mile Rocks,QLD
Seymour,TAS,VIC
Shackleton,WA
Shailer Park,QLD
Shark Bay,WA
Sheep Hills,VIC
Sheffield,TAS
Shelford,VIC
Shellharbour,NSW
Shepparton,VIC
Sherbrooke,VIC
Shoalhaven Heads,NSW
Shoreham,VIC
Shortland,NSW
Shute Harbour,QLD
Sidmouth,TAS
Silvan,VIC
Silverdale,NSW,QLD
Silverton,NSW,SA
Silverwater,NSW
Singleton,NSW,WA
Skipton,VIC
Smeaton,VIC
Smithfield,NSW,QLD,SA
Smiths Gully,VIC
Smythesdale,VIC
Snowtown,SA
Snowy Mountains,NSW
Sofala,NSW
Somers,VIC
Somerset,QLD,TAS
Somerton,NSW,VIC
Sorell,TAS
Sorrento,QLD,VIC,WA
South Arm,NSW,TAS
Southbrook,QLD
South Coast,NSW
Southern Cross,QLD,VIC,WA
South Melbourne,VIC
Southport,NT,QLD,TAS
South West Rocks,NSW
South Wharf,VIC
South Yarra,VIC
Spalding,SA,WA
Springsure,QLD
Springton,SA
Springvale,NSW,QLD,VIC
Springwood,NSW,QLD
Stake Hill,WA
St Albans,NSW,VIC
St Andrews,NSW,VIC
Stanhope,NSW,VIC
Stanley,SA,TAS,VIC
Stanmore,NSW,QLD
Stansbury,SA
Stanthorpe,QLD
Stanwell Park,NSW
St Arnaud,VIC
Stawell,VIC
Steiglitz,QLD,VIC
St George,NSW,QLD
St Georges Basin,NSW
St Helens,QLD,TAS,VIC
St Ives,NSW,SA
St James,VIC,WA
St Kilda,QLD,SA,VIC
St Lawrence,QLD
St Lucia,QLD
St Marys,NSW,SA,TAS
Stirling,WA
Stockinbingal,NSW
Stockport,SA
Stockton,NSW,QLD
Stony Creek,NSW,QLD,VIC
St Peters,NSW,SA
Stradbroke Island,QLD
Strahan,TAS
Stratford,NSW,QLD,VIC
Strathalbyn,SA,WA
Strathfield,NSW,QLD
Strathmerton,VIC
Streaky Bay,SA
Stroud,NSW
Stroud Road,NSW
Stuart Town,NSW
Subiaco,WA
Summer Hill,NSW
Sunbury,VIC
Sunshine Coast,QLD
Surat,QLD
Surfers Paradise,QLD
Sussex Inlet,NSW
Sutton Forest,NSW
Swan,WA
Swan Hill,VIC
Swan Reach,SA,VIC
Swansea,NSW,TAS
Swifts Creek,VIC
Tahmoor,NSW
Tailem Bend,SA
Talbingo,NSW
Tallangatta,VIC
Tallarook,VIC
Tallebudgera,QLD
Tambo,QLD
Tamborine,QLD
Tamborine Mountain,QLD
Tammin,WA
Tamworth,NSW
Tanami,NT,WA
Tannymorel,QLD
Tara,NSW,NT,QLD
Taradale,NSW,VIC
Taralga,NSW
Taranna,TAS
Tarcutta,NSW
Tardun,WA
Taree,NSW
Tarlee,SA
Tarnagulla,VIC
Taroom,QLD
Tarraleah,TAS
Tathra,NSW
Tatura,VIC
Tatyoon,VIC
Tawonga,VIC
Taylors Arm,NSW
Taylorville,SA
Tea Gardens,NSW
Teesdale,VIC,WA
Telfer,WA
Temora,NSW
Templestowe,VIC
Tennant Creek,NT
Tenterden,NSW,WA
Tenterfield,NSW
Terang,VIC
Terowie,SA
Terrigal,NSW
Texas,QLD
Thallon,QLD
Thargomindah,QLD
The Basin,NSW,VIC
The Entrance,NSW
The Gap,NSW,NT,QLD,SA
The Oaks,NSW
Theodore,NSW,QLD
The Patch,VIC
The Ponds,NSW
The Rock,NSW
The Summit,QLD
Thirlmere,NSW
Thirroul,NSW
Thomastown,VIC
Thornbury,VIC
Thorneside,QLD
Thornlands,QLD
Thornlie,WA
Thornton,NSW,QLD,VIC
Thorpdale,VIC
Thredbo,NSW
Three Springs,WA
Thulimbah,QLD
Thursday Island,QLD
Tibooburra,NSW
Tieri,QLD
Tighes Hill,NSW
Timber Creek,NT
Timboon,VIC
Tinaroo,QLD
Tin Can Bay,QLD
Tindal,NT
Tingalpa,QLD
Tingha,NSW
Tintaldra,VIC
Tintinara,SA
Ti Tree,NT
Tocumwal,NSW
Tolga,QLD
Tom Price,WA
Toobeah,QLD
Tooborac,VIC
Toodyay,WA
Toolamba,VIC
Toongabbie,NSW,VIC
Toora,SA,VIC
Tooradin,VIC
Toorak,VIC
Toowoomba,QLD
Torbanlea,QLD
Toronto,NSW
Torquay,QLD,VIC
Torrumbarry,VIC
Tottenham,NSW,VIC
Toukley,NSW
Townsville,QLD
Trangie,NSW
Traralgon,VIC
Trayning,WA
Tremont,VIC
Trigg,WA
Truro,SA
Tuart Hill,WA
Tuena,NSW
Tugun,QLD
Tullamore,NSW
Tully,QLD
Tumbarumba,NSW
Tumby Bay,SA
Tumut,NSW
Tunbridge,TAS
Tungamah,VIC
Tungkillo,SA
Tuross Head,NSW
Tweed Heads,NSW
Two Rocks,WA
Tyabb,VIC
Tynong,VIC
Ucarty,WA
Uduc,WA
Ulladulla,NSW
Ulmarra,NSW
Ultima,VIC
Ultimo,NSW
Uluru,NT
Ulverstone,TAS
Umbakumba,NT
Underbool,VIC
Underwood,QLD,TAS
Ungarie,NSW
Upwey,VIC
Uraidla,SA
Uralla,NSW,NT
Urana,NSW
Urbenville,NSW
Urunga,NSW
Useless Loop,WA
Valentine,WA
Varley,WA
Varsity Lakes,QLD
Venus Bay,SA,VIC
Vermont,VIC
Verona Sands,TAS
Victor Harbor,SA
Victoria River,NT
Victoria Valley,TAS
Vincent,WA
Vinifera,VIC
Virginia,NT
Vittoria,WA
Violet Town,VIC
Virginia,NT,QLD,SA
Waaia,VIC
Wadeye,NT
Wagait Beach,NT
Wagga Wagga,NSW
Wagin,WA
Wahgunyah,VIC
Waikerie,SA
Walcha,NSW
Walgett,NSW
Walhalla,VIC
Walkaway,WA
Wallabadah,NSW
Wallangarra,QLD
Wallaroo,NSW,QLD,SA,WA
Walla Walla,NSW
Wallendbeen,NSW
Wallerawang,NSW
Wallumbilla,QLD
Walpeup,VIC
Walpole,WA
Walwa,VIC
Wanbi,SA
Wandiligong,VIC
Wangaratta,QLD,VIC
Wangi Wangi,NSW
Wannamal,WA
Wanneroo,WA
Wantirna,VIC
Waratah,NSW,TAS
Warburton,QLD,VIC,WA
Warialda,NSW
Warmun,WA
Warooka,SA
Waroona,WA
Warra,QLD
Warracknabeal,VIC
Warragul,VIC
Warramboo,SA
Warrandyte,VIC
Warren,NSW,SA
Warriewood,NSW
Warrnambool,VIC
Warwick,QLD,WA
Wasleys,SA
Watchem,VIC
Waterloo,NSW,QLD,SA,TAS,VIC,WA
Watervale,SA
Watheroo,WA
Watsonia,VIC
Wattle Glen,VIC
Wattle Grove,WA
Wauchope,NSW
Wedderburn,NSW,VIC
Wee Jasper,NSW
Wee Waa,NSW
Weipa,QLD
Weldborough,TAS
Wellington,NSW,SA
Welshpool,VIC,WA
Wentworth,NSW,VIC
Wentworth Falls,NSW
Werris Creek,NSW
Westbury,TAS,VIC
West Coast,WA
West Lakes,SA
Westonia,WA
West Wyalong,NSW
Whim Creek,WA
White Cliffs,NSW
Whiteman,WA
Whitfield,QLD,VIC
Whitsunday Islands,QLD
Whitsundays,QLD
Whorouly,VIC
Whyalla,SA
Whyalla Jenkins,SA
Whyalla Norrie,SA
Wickepin,WA
Wickham,NSW,NT,TAS,WA
Wilberforce,NSW,WA
Wilcannia,NSW
Wild Dog Valley,SA,VIC
Willaura,VIC
Williams,WA
Williams Landing,VIC
Williamstown,SA,VIC,WA
Williamtown,NSW
Willunga,SA
Wilmington,SA
Wilmot,TAS
Wilpena Pound,SA
Wilsons Promontory,VIC
Wiluna,WA
Wimmera,VIC
Winchelsea,VIC
Windale,NSW
Windermere,NSW,QLD,TAS,VIC
Windeyer,NSW,QLD
Windorah,QLD
Windsor,NSW,QLD,SA,VIC
Wingham,NSW
Winnaleah,TAS
Winton,NSW,QLD,VIC
Wirrabara,SA
Wiseman Ferry,NSW
Wittenoom,WA
Wokalup,WA
Wollert,VIC
Wollombi,NSW
Wollongong,NSW
Wolseley,SA
Wombarra,NSW
Wombeyan Caves,NSW
Wondai,QLD
Wongan Hills,WA
Wonga Park,VIC
Wonthaggi,VIC
Woodanilling,WA
Woodbridge,TAS,WA
Woodburn,NSW
Woodenbong,NSW
Woodend,QLD,VIC
Woodford,NSW,QLD,VIC
Woodside,NSW,SA,VIC
Woodstock,NSW,QLD,TAS,VIC
Woodville,NSW,SA
Wood Wood,VIC
Woolgoolga,NSW
Wooli,NSW
Woollahra,NSW
Woolsthorpe,VIC
Woomelang,VIC
Woomera,SA
Woorabinda,QLD
Woorinen,VIC
Wooroloo,WA
Woy Woy,NSW
Wudinna,SA
Wundowie,WA
Wurrumiyanga,NT
Wyalkatchem,WA
Wyangala,NSW
Wycheproof,VIC
Wyndham,NSW,WA
Wynn Vale,SA
Wynyard,TAS
Wyong,NSW
Xantippe,WA
Xavier College,NT,VIC,SA,NSW,QLD,TAS
Yacka,SA
Yackandandah,VIC
Yagoona,NSW
Yalgoo,WA
Yallingup,WA
Yamba,NSW,SA
Yambuk,VIC
Yanchep,WA
Yanco,NSW
Yandaran,QLD
Yandina,QLD
Yankalilla,SA
Yan Yean,VIC
Yarck,VIC
Yarloop,WA
Yarra Glen,VIC
Yarragon,VIC
Yarra Junction,VIC
Yarram,VIC
Yarraman,NSW,QLD
Yarrambat,VIC
Yarra Valley,VIC
Yarraville,VIC
Yarrawonga,NSW,NT,QLD,VIC
Yarwun,QLD
Yass,NSW
Yea,VIC
Yelarbon,QLD
Yeoval,NSW
Yeppoon,QLD
Yeronga,QLD
Yerranderie,NSW
Yetman,NSW
Yinnar,VIC
Yirrkala,NT
York,WA
York Town,TAS
Yorke Peninsula,SA
Yorketown,SA
Yornup,WA
Young,NSW
Youngtown,TAS
Yuendumu,NT
Yulara,NT
Yuleba,QLD
Yumali,SA
Yungaburra,QLD
Yunta,SA
Zadows Landing,SA
Zanthus,WA
Zara,NSW
Zeehan,TAS
Zeerust,VIC
Zelma,QLD
Zillmere,QLD
Zuccoli,NT
